{
  "read-more": "نور یی ولوله",
  "search": "لټون",
  "share": "شریکول",
  "previous-post": "مخکینی پوسټ",
  "next-post": "بل پوسټ",
  "reply": "ځواب",
  "login": "د ننه کیدل",
  "signup": "ګډون کول",
  "edit": "سمون",
  "continue": "ادامه",
  "logout": "وتل",
  "save": "خوندي کول",
  "delete": "ړنګول",
  "more-details": "نور جزئیات",
  "subscribe": "ګډون جوړ کړئ",
  "return-home": "بیرته کور ته",
  "send-message": "پیغام ولېږه",
  "submit": "خوندي کول"
}