{
  "wireless-info": "بې سیم انټرنیټ د راډیو څپو پراساس دی. په بېسیم انټرنیټ کې، د رسیدونکي او لیږدونکي ته اړتیا ده چې د کورونو او دفترونو لپاره د انټرنیټ اتصال چمتو کوي. دا د شبکې جوړولو لپاره برجونه کاروي چې ستاسو وسیله د رسیدونکي په توګه وصل کیږي.",
  "vsat-info": "VSAT (Very Small Aperture Terminal) د سپوږمکۍ ارتباطي سیسټم دی چې کورونو او دفترونو ته خدمت کوي. د VSAT انتنونه په مدار کې د سپوږمکۍ سره اړیکه نیسي ترڅو معلومات له یو ځمکني سټیشن څخه بل ته انتقال کړي یا انټرنیټ ته لاسرسی ومومي.",
  "microwave-info": "د مایکروویو لینکونه د پراخه بینډ ویت سره د نقطې څخه نقطې بې سیم ارتباط رامینځته کولو لپاره کارول کیږي. یو عصري مایکروویو لینک کولی شي بینډ ویت د لوړ ظرفیت سره په معتبر، ارزانه او انعطاف وړ طریقه وړاندې کړي.",
  "voip-info": "د VOIP سیسټم یو مخابراتي سیسټم دی چې د تلیفون زنګ وهلو لپاره VOIP تلیفونونه ، کمپیوټرونه او سمارټ تلیفونونه کاروي. ډیری دفترونه VOIP کاروي ترڅو د دوی ترمینځ سیسټم رامینځته کول اسانه کړي. VOIP د شرکتونو لپاره د سوداګرۍ اړیکو نوی معیار دی.",
  "web-design-info": "ډیری خلک د دې ویب پاڼې پر بنسټ د شرکت اعتبار قضاوت کوي. زموږ د ویب پاڼې ډیزاینران ستاسو د سوداګرۍ نښه کول د غوره، کارولو اسانه او ښکلي ویب پاڼې په جوړولو سره پیاوړي کوي.",
  "app-dev-info": "رهانت د هر ډول غوښتنلیکونو پلي کولو او جوړولو په برخه کې د تجربې سره، زموږ د کارپوهانو سره د تحلیل، ډیزاین او سیسټم پروګرام کولو کې، او د وروستي ټیکنالوژۍ او میتودولوژی په کارولو سره، ستاسو نظرونه په لنډ وخت او لګښت کې غوښتنلیکونو ته بدلوي."
}