{
  "sending-otp": "We are currently sending OTP code to your {{key}}",
  "verify-otp": "A verification code has been sent to your {{key}}",
  "admin-active": "Account is deactivated, Please contact your administrator",
  "email-failed": "Email could not be sent",
  "failed": "Operation failed, please try later.",
  "success": "{{key}} updated successfully.",
  "otp-failed": "Failed to send OTP, please try again later.",
  "login-to-post-comment": "Please login to post comments",
  "enter-field": "Enter Your {{key}}",
  "not-found": "{{key}} Not Found",
  "not-allowed": "You can't delete this {{key}}, because it's used in a post",
  "request-message": "You has requested the reset password for your account",
  "page-not-found": "The page you are looking is not found or is temporarily unavailable.",
  "have-any-questions-about-us": "Have Any Questions About Us?",
  "support": "Our support team is ready to provide services 24 hours a day, 7 days a week by phone, email and Skype.",
  "otp-code": "Rahanet client OTP: {{otp}}",
  "verification": "Rahanet verification",
  "already-verified": "Account is already verified",
  "check-email-for-verification": "Please check your email address, for account verification token.",
  "check-email-for-reset-token": "Please check your email address, for reset password token.",
  "email-sent": "Email is sent",
  "not-received-token": "If you didn't receive verification token, try resending again.",
  "please-wait-verifying": "Please wait while we are verifying your account.",
  "account-verification-failed": "Something went wrong, account verification failed.",
  "account-already-verified": "Account is already verified.",
  "submit-email-forgot-password": "Submit your registered email address to continue reseting.",
  "no-changes-found": "No changes found.",
  "account-verified-successfully": "Account verified successfully",
  "indeicate-map": "Please indicate your location on the map.",
  "job-experience": "Have you had experience working with other internet service companies?",
  "job-msg": "Rahanet Company In order to develop its activities in the field of technology and communication,  requests cooperation from all creative and expert people. Applicants active in this field should send a summary of their records to <a href=\"mailto:hr@rahanet.af\" class=\"hover-underline\" style=\"font-family: 'Kalameh', sans-serif; mso-line-height-rule: exactly; color: #00b8a5; text-decoration: none;\">hr@rahanet.af</a> or fill out the form below.",
  "request-service-message": "To request a commercial service, send us the following information through the form. Our colleagues will contact you as soon as possible.",
  "job-form-title": "Registration form for job application",
  "chat-subtitle": "Chat With  Our Customer Service",
  "chat-login": "For chatting With our customer service, you must be login to system.",
  "customer-complaint": "Dear subscriber, you can share your criticisms and objections with us through one of the following methods",
  "complaint-attention": "Note that only complaints that are completed with reliable information will be considered.",
  "my-rahanet-title": "The largest and most reliable internet service company in Afghanistan",
  "my-rahanet-sub-title": "My-Rahanet easy and quick access to everything",
  "movie-title": "Access to a world of movies and serials",
  "movie-sub-title": "Live broadcast of sports matches, the latest series and movies.",
  "amoozesh-title": "A different experience in education",
  "amoozesh-sub-title": "The largest online education network with the latest and highest quality educational resources...",
  "software-title": "The most up-to-date software reference in Afghanistan",
  "software-sub-title": "Access to software and games of the day!",
  "charity-title": "Be the cause of a good event",
  "charity-sub-title": "Join us to improve the life path of street worker children.",
  "day-night": "From 8AM to 8PM",
  "night-day": "From 8PM to 8AM",
  "subscriber-panel-desc": "By clicking on the desired province, you will automatically enter your user page. In case of any problem, call the service number.",
  "after-daily-usage": "After Daily Usage",
  "rahanet-active": "Rahanet is active in which cities?",
  "live-rahanet": "Live Rahanet",
  "why-raha": "Why Rahanet"
}