{
  "read-more": "بیشتر",
  "search": "جستجو",
  "share": "اشتراک گذاری",
  "previous-post": "پست قبلی",
  "next-post": "پست بعدی",
  "reply": "پاسخ",
  "login": "ورود",
  "signup": "ایجاد حساب",
  "edit": "ویرایش",
  "continue": "ادامه",
  "logout": "خارج شدن",
  "save": "ثبت",
  "delete": "حذف",
  "more-details": "جزئیات بیشتر",
  "subscribe": "ایجاد اشتراک",
  "return-home": "بازگشت به خانه",
  "send-message": "ارسال پیام",
  "submit": "ثبت"
}