{
  "sending-otp": "ما در حال حاضر در حال ارسال کد OTP به {{key}} شما هستیم",
  "verify-otp": "یک پیام با کد تاییدی OTP به {{key}} شما ارسال شده است",
  "success": "{{key}} موفقیت آمیز بود.",
  "otp-failed": "OTP ارسال نشد، لطفاً بعداً دوباره امتحان کنید.",
  "admin-active": ".حساب غیرفعال شده است، لطفا با مدیر خود تماس بگیرید",
  "email-failed": ".ایمیل ارسال نشد",
  "failed": "عملیه ناموفق بود، لطفا بعد از لحظاتی دوباره سعی کنید.",
  "login-to-post-comment": "لطفا برای ارسال نظرات به حساب کاربری تان وارد شوید.",
  "enter-field": "خود را وارد کنید {{key}}",
  "not-found": "{{key}} یافت نشد.",
  "not-allowed": "شما نمی توانید این {{key}} را حذف کنید، زیرا در یک پست استفاده شده است.",
  "reset-message": "شما رمز بازنشانی حساب خود را درخواست کرده اید",
  "page-not-found": "صفحه ای که به دنبال آن هستید یافت نشد یا به طور موقت در دسترس نیست.",
  "have-any-questions-about-us": "هر گونه سوال در مورد ما داشته باشید؟",
  "support": "تیم پشتیبانی ما ٧ روز هفته بصورت ٢٤ ساعته از طریق تماس تلفنی، ایمیل و اسکایپ آماده خدمات رسانی می باشند.",
  "otp-code": "کد OTP مشترک رهانت: {{key}}",
  "verification": "تائید هویت رهانت",
  "already-verified": "حساب از قبل تائید شده است.",
  "check-email-for-verification": "آدرس ایمیل خود را برای پیوند تأیید حساب بررسی کنید.",
  "check-email-for-reset-token": "لطفا آدرس ایمیل خود را برای کد OTP بازیابی رمز عبور بررسی کنید.",
  "not-received-token": "اگر کد تأیید را دریافت نکردید، دوباره درخواست کنید.",
  "please-wait-verifying": "لطفاً منتظر بمانید تا حساب شما را تأیید کنیم.",
  "account-verification-failed": "مشکلی پیش آمد، تأیید حساب ناموفق بود.",
  "account-already-verified": "حساب قبلاً تأیید شده است.",
  "submit-email-forgot-password": "آدرس ایمیل ثبت شده خود را برای ادامه بازنشانی ارسال کنید.",
  "email-sent": "ایمیل ارسال شد.",
  "no-changes-found": "هیچ تغییرات یافت نشد.",
  "account-verified-successfully": "حساب موفقانه تائید شد.",
  "indeicate-map": "لطفا موقعیت تان را روی نقشه مشخص کنید.",
  "job-experience": "آیا سابقه همکاری با سایر شرکت های خدمات اینترنتی را داشتید؟",
  "job-msg": "شرکت رهانت در راستای توسعه فعالیت های خود در حوزه تکنولوژی و ارتباطات از تمام افراد متخصص و خلاق درخواست به همکاری می نماید. متقاضیان فعال در این حوزه جهت استخدام خلاصه ای از سوابق خود را به <a href=\"mailto:hr@rahanet.af\" class=\"hover-underline\" style=\"font-family: 'Kalameh', sans-serif; mso-line-height-rule: exactly; color: #00b8a5; text-decoration: none;\">hr@rahanet.af</a> فرستاده یا فرم زیر را پر نمایند. ",
  "request-service-message": "جهت در خواست سرویس تجاری اطلاعات زیر را از طریق فرم برای ما ارسال کنید. همکاران ما در اسرع وقت با شما تماس خواهند گرفت.",
  "job-form-title": "فرم ثبت نام مشخصات جهت درخواست کار",
  "chat-subtitle": "با خدمات مشتریان ما گپ بزنید",
  "chat-login": "برای چت با خدمات مشتری ما، باید وارد سیستم شوید.",
  "customer-complaint": "مشترک گرامی، شما می توانید انتقادات و پیشنهادات خود را از طریق یکی از روش های زیر با ما در میان بگذارید:",
  "complaint-attention": "توجه داشته باشید فقط شکایاتی که با اطلاعات موثق تکمیل  شده باشد، مورد بررسی قرار خواهد گرفت.",
  "my-rahanet-title": "بزرگترین و مطمئن ترین شرکت خدمات اینترنتی در افغانستان!",
  "my-rahanet-sub-title": "رهانت من دسترسی آسان و سریع به همه چیز! ",
  "movie-title": "دسترسی به دنیایی از فیلم و سریال های روز دنیا",
  "movie-sub-title": "پخش زنده مسابقات ورزشی، جدیدترین سریال ها و فیلم ها ",
  "amoozesh-title": "تجربه متفاوت در آموزش!",
  "amoozesh-sub-title": "بزرگترین شبکه آموزش آنلاین با جدیدترین و با کیفیت ترین منابع آموزشی...",
  "software-title": "بروزترین مرجع نرم افزار در افغانستان",
  "software-sub-title": "دسترسی به نرم افزار و گیم های روز دنیا",
  "charity-title": "عامل یک اتفاق خوب باشیم!",
  "charity-sub-title": "برای بهتر ساختن مسیر زندگی کودکان کارگر خیابانی با ما همراه باشید.",
  "night-day": "از ساعت 8 شب تا 8 صبح",
  "day-night": "از ساعت 8 صبح تا 8 شب",
  "pro-day": "از 6 صبح تا 6 شب",
  "pro-night": "از 6 شب تا 6 صبح",
  "subscriber-panel-desc": "با کلیک کردن روی ولایت مورد نظر اتوماتیک وارد صفحه کاربری خود خواهید شد. در صورت بروز هر مشکل با شماره خدمات تماس بگیرید.",
  "after-daily-usage": "پس از حجم روزانه",
  "rahanet-active": "رهانت در کدام شهرها فعال است؟"
}