{
  "wireless-info": "اینترنت بی سیم مبتنی بر امواج رادیویی است. در اینترنت بی سیم، یک گیرنده و فرستنده برای تامین اتصال اینترنت منازل و ادارات مورد نیاز است. از برج ها برای ایجاد شبکه ای استفاده می کند که دستگاه شما به عنوان گیرنده به آن متصل می شود",
  "vsat-info": "VSAT( Very Small Aperture Terminal)  یک سیستم ارتباطی ماهواره ای است که به خانه ها و ادارات خدمات می دهد. تریمنا های  VSAT  به ماهواره ها در مدار، برای انتقال داده ها از یک ایستگاه زمینی به ایستگاه دیگر یا دسترسی به انترنت ارتباط برقرار می کند.",
  "microwave-info": "از لینک های مایکروویو برای ایجاد ارتباط وایرلس  point-to- point  با پهنای باند وسیع استفاده می شود. یک لینک مدرن مایکروویو می تواند پهنای باند را به روشی مطمئن، مقرون به صرفه و انعطاف پذیر با ظرفیت های بالا تحویل دهد.",
  "voip-info": " سیستم VOIP یک سیستم ارتباطی است که از تلفن های VOIP، کامپیوتر و تلفن های هوشمند برای برقراری تماس تلفنی استفاده می کند. بسیاری از دفاتر از VOIP استفاده می کنند تا ایجاد یک سیستم بین آنها آسان شود. VOIP در حال تبدیل شدن به یک استاندارد ارتباط تجاری جدید برای شرکت ها است.",
  "web-design-info": "اکثر مردم اعتبار شرکت را بر اساس وب سایت آن قضاوت می کنند. طراحان وبسایت ما با ایجاد وب سایت های بهینه ، با کاربری آسان و زیبا، برند سازی کسب و کار شما را تقویت می کنند.",
  "app-dev-info": "رهانت با تجربه در زمینه پیاده سازی و ساخت انواع اپلیکیشن ، با کارشناسان ما در تحلیل طراحی و برنامه نویسی سیستمی، و با استفاده از تکنولوژی و متدولوژی روز دنیا، ایده های شما را در کمترین زمان و هزینه به اپلیکیشن تبدیل می کند."
}